titles,category
법무장관에 박성재 전 고검장  사퇴 파동  뒤 조직 동요 차단 ,Politics
     도 숙여 인사     어깨 툭 치며 악수,Politics
 속보  한동훈  윤 대통령에 대한 깊은 존중과 신뢰 변함 없다 ,Politics
  윤 한 갈등 은 없었다 는   김민수  의사소통의 교란 정도 아닐까 ,Politics
속도 못 내는 제 지대 빅텐트 만들기   기호  번  난망,Politics
이언주  민주당으로 다시 복당   이재명이 제안했다    녹취록 ,Politics
김웅  윤 한 갈등 봉합에  다 진 게임 김건희 출국 등 해법 ,Politics
유권자         김건희 여사 문제 입장 표명 필요 ,Politics
한동훈  김 여사 질문에  더 말씀 드리지는 않겠다 ,Politics
 속보  북한  서해상으로 순항미사일 발사,Politics
        사흘째 최고가 넷플릭스 장 마감 후    급등  뉴욕증시 브리핑 ,Economic
  모건  비트코인    정서 반전  코인베이스  비중축소  강등,Economic
셀트리온    우시   와     역량 강화   개 신약 개발 순항 ,Economic
김주현 이복현  증권사 책임 역할 강조  강도 높은 자정 노력 필요 ,Economic
 롯데온에선 롯데 상품 반값에  계열사 시너지 확대,Economic
 발암물질을 돈 주고 샀네   샤넬 디올 루이비통  짝퉁 딱 걸렸다,Economic
삼성전자  성능 높이고 가격 낮춘     신제품           출시,Economic
올해 설 차례상 비용  또 역대 최고 마트   만원 시장   만원,Economic
지난해 주식 발행규모     급감 차환용 회사채 발행은 증가,Economic
서울시의회  대형마트  공휴일 휴무  없앤다 새벽 배송도 허용,Economic
울산 대왕암공원  바다 남  낙서범 검거   액운 쫓으려고 ,social
푸바오   월 중국으로 돌아간다   월까지만 일반 공개 ,social
 콘서트 티켓 팔아요    명에     만원  먹튀     대의 최후,social
경기도  섬 주민 택배 배송비 지원사업 시행,social
경찰     이선균 수사 정보 유출 의혹  디스패치 압수수색,social
 대북송금 혐의  김성태 전 쌍방울 회장 보석 석방,social
강원대 춘천시  교육발전특구 시범 운영  손 잡았다,social
 중증 말기 간질환 환자  생체 간이식 받으면 생존율 높아진다 ,social
오늘은 뜬다   제주공항  항공기 운항 정상화,social
오늘부터 판매  기후동행카드  첫날 오전만  만 천장  불티 ,social
한국계 감독  패스트 라이브즈   아카데미 작품상 각본상 후보,Culture
최저    도  냉동고 추위  계속 충청 전라 제주  눈폭탄  오늘날씨 ,Culture
유인촌  정부주도   웹툰  키운다  만화진흥위 국제시상식 신설,Culture
수면장애 일으키는  이 음료   한 달에 한 번만 마셔도 영향,Culture
  일까지 꽁꽁 호남 충남 서해안 대설특보,Culture
  주년 맞은   모빌리티   고객감사 차량점검 서비스  실시,Culture
 전국 꽁꽁 한파특보 충청 호남 내일까지 많은 눈 날씨 ,Culture
  신약  프랑스 피에르파브르  탈모 완화 화장품  판매,Culture
하마스 공격에 이스라엘 병사   명 사망 개전후 최대,World
미 영  후티 반군 추가 공습  상선 공격 차단 ,World
 신장   년 만의 강진  부상자  명  인구밀도 낮은 지역,World
    트럼프 뉴햄프셔주 경선 승리  헤일리와 한 자릿수 격차,World
미 매체  이스라엘  인질 전원 석방  개월 교전 중단 제안 ,World
하마스 측 보건부  이스라엘  탱크로 나세르 병원 공격 ,World
푸틴   월 대선 이후 방북할듯   년만 처음,World
바이든 없는 민주당 뉴햄프셔 경선 지지자들  이름 쓰기  운동,World
멕시코 최대갑부 슬림   년간 자산    증가     조원 ,World
   게임 고강도 규제 철회하나  홈페이지서 규제 초안 삭제,It
 경로당    보며 버스 도착 정보 확인하세요 ,It
 챗    아닌 사기      올해 주목할 사이버위협  가지,It
    도입하니 클릭률     상승  네이버  클로바 포 애드  선봬,It
과기정통부  매주  곳 이상    기업 방문한다,It
갤럭시      사전예약  일 만에 인도 판매 신기록 달성,It
      이브자리  맞손   과학기술로 숙면 돕는다,It
  유플러스     탑재 고객 의견 분석 시스템      랩  운영,It
